,ID,Hobby
0,1119725712154476737,TierraDeNadie2
1,928968643534249987,TBS
2,2837008555,industria40
3,76070294,expat
4,1357786135,Alaska
5,109536038,railsdm
6,174405515,BlackWomen
7,57763930,OneChicago
8,2726472492,freespeech
9,2208917839,kabeldeutschland
10,770912042802872320,InfinityWar
11,843864043454713859,شماليه
12,1560293058,workshops
13,277723713,RemainBacklash
14,553684834,CostaDelSol
15,194419876,
16,2370580279,문재인
17,798985877246590976,RoyalBabyBoy
18,340854921,
19,706189176060952576,Cancer
